Station:Vancouver International Airport #2 -  , Date Time                 , CO       , NO       , NO2      , O3       , PM25     , SO2      , PM10     , WSPD_SCLR , WDIR_SCLR , WSPD_VECT , WDIR_VECT , TEMP_MEAN , ATM_PRESS_1HR , HUMIDITY , RAD_TOTAL , PRECIP_TOTAL , NOx     
 ,                           , ppm      , ppb      , ppb      , ppb      , ug/m3    , ppb      , ug/m3    , m/s      , Deg.     , m/s      , Deg.     , Â°C       , kPa      , % RH     , W/M**2   , mm       , ppb     
 , 2/5/1998 24:00 AM         , 0.73     , 21.7     , 26.3     , 5.6      ,          ,          , 9.5      ,          ,          ,          ,          ,          ,          ,          ,          ,          ,         
 , 2/6/1998 24:00 AM         , 0.93     , 51.7     , 32.7     , 3.3      ,          ,          , 14.9     ,          ,          ,          ,          ,          ,          ,          ,          ,          ,         
 , 2/7/1998 24:00 AM         , 0.48     , 10.6     , 19.0     , 19.3     ,          ,          , 12.3     ,          ,          ,          ,          ,          ,          ,          ,          ,          ,         
 , 2/8/1998 24:00 AM         , 0.53     , 14.2     , 19.1     , 15.0     ,          ,          , 10.3     ,          ,          ,          ,          ,          ,          ,          ,          ,          ,         
 , 2/9/1998 24:00 AM         , 0.75     , 31.6     , 22.8     , 16.9     ,          ,          , 12.7     ,          ,          ,          ,          ,          ,          ,          ,          ,          ,         
 , 2/10/1998 24:00 AM        , 0.52     , 7.1      , 26.7     , 12.7     ,          ,          , 10.3     ,          ,          ,          ,          ,          ,          ,          ,          ,          ,         
 , 2/11/1998 24:00 AM        , 0.53     , 11.5     , 24.4     , 10.5     ,          ,          , 8.4      ,          ,          ,          ,          ,          ,          ,          ,          ,          ,         
 , 2/12/1998 24:00 AM        , 0.52     , 5.7      , 19.8     , 20.3     ,          ,          , 7.2      ,          ,          ,          ,          ,          ,          ,          ,          ,          ,         
 , 2/13/1998 24:00 AM        , 0.47     , 5.5      , 17.7     , 21.1     ,          ,          , 10.4     ,          ,          ,          ,          ,          ,          ,          ,          ,          ,         
 , 2/14/1998 24:00 AM        , 0.61     , 13.2     , 25.3     , 11.6     ,          ,          , 8.3      ,          ,          ,          ,          ,          ,          ,          ,          ,          ,         
 , 2/15/1998 24:00 AM        , 0.51     , 6.9      , 19.5     , 13.9     ,          ,          , 9.0      ,          ,          ,          ,          ,          ,          ,          ,          ,          ,         
 , 2/16/1998 24:00 AM        , 0.66     , 17.2     , 28.0     , 9.9      ,          ,          , 14.4     ,          ,          ,          ,          ,          ,          ,          ,          ,          ,         
 , 2/17/1998 24:00 AM        ,          ,          ,          ,          ,          ,          , 11.2     ,          ,          ,          ,          ,          ,          ,          ,          ,          ,         
 , 2/18/1998 24:00 AM        ,          ,          ,          ,          ,          ,          , 6.3      ,          ,          ,          ,          ,          ,          ,          ,          ,          ,         
 , 2/19/1998 24:00 AM        ,          ,          ,          ,          ,          ,          , 10.9     ,          ,          ,          ,          ,          ,          ,          ,          ,          ,         
 , 2/20/1998 24:00 AM        ,          ,          ,          ,          ,          ,          , 6.7      ,          ,          ,          ,          ,          ,          ,          ,          ,          ,         
 , 2/21/1998 24:00 AM        ,          ,          ,          ,          ,          ,          , 5.9      ,          ,          ,          ,          ,          ,          ,          ,          ,          ,         
 , 2/22/1998 24:00 AM        ,          ,          ,          ,          ,          ,          , 6.8      ,          ,          ,          ,          ,          ,          ,          ,          ,          ,         
 , 2/23/1998 24:00 AM        ,          ,          ,          ,          ,          ,          , 9.5      ,          ,          ,          ,          ,          ,          ,          ,          ,          ,         
 , 2/24/1998 24:00 AM        , 0.83     , 52.2     , 28.3     , 8.1      ,          ,          , 14.9     ,          ,          ,          ,          ,          ,          ,          ,          ,          ,         
 , 2/25/1998 24:00 AM        , 0.43     , 6.5      , 19.1     , 20.3     ,          ,          , 8.1      ,          ,          ,          ,          ,          ,          ,          ,          ,          ,         
 , 2/26/1998 24:00 AM        , 0.74     , 43.5     , 27.7     , 7.9      ,          ,          , 13.5     ,          ,          ,          ,          ,          ,          ,          ,          ,          ,         
 , 2/27/1998 24:00 AM        , 0.71     , 34.0     , 29.1     , 8.4      ,          ,          , 13.5     ,          ,          ,          ,          ,          ,          ,          ,          ,          ,         
 , 2/28/1998 24:00 AM        , 0.57     , 10.3     , 28.2     , 8.9      ,          ,          , 8.1      ,          ,          ,          ,          ,          ,          ,          ,          ,          ,         
 , 3/1/1998 24:00 AM         , 0.46     , 4.6      , 22.7     , 12.6     ,          ,          , 5.6      ,          ,          ,          ,          ,          ,          ,          ,          ,          ,         
 , 3/2/1998 24:00 AM         , 0.53     , 17.1     , 18.6     , 17.7     ,          ,          , 7.4      ,          ,          ,          ,          ,          ,          ,          ,          ,          ,         
 , 3/3/1998 24:00 AM         , 0.65     , 21.8     , 29.1     , 9.8      ,          ,          , 10.5     ,          ,          ,          ,          ,          ,          ,          ,          ,          ,         
 , 3/4/1998 24:00 AM         , 0.66     , 35.5     , 27.1     , 8.5      ,          ,          , 11.8     ,          ,          ,          ,          ,          ,          ,          ,          ,          ,         
 , 3/5/1998 24:00 AM         , 0.82     , 52.8     , 27.3     , 9.1      ,          ,          , 13.7     ,          ,          ,          ,          ,          ,          ,          ,          ,          ,         
 , 3/6/1998 24:00 AM         , 0.89     , 50.9     , 28.4     , 11.0     ,          ,          , 18.0     ,          ,          ,          ,          ,          ,          ,          ,          ,          ,         
 , 3/7/1998 24:00 AM         , 0.70     , 27.4     , 29.0     , 9.2      ,          ,          , 18.0     ,          ,          ,          ,          ,          ,          ,          ,          ,          ,         
 , 3/8/1998 24:00 AM         , 0.57     , 8.2      , 24.3     , 14.6     ,          ,          , 10.6     ,          ,          ,          ,          ,          ,          ,          ,          ,          ,         
 , 3/9/1998 24:00 AM         , 0.43     , 4.0      , 17.9     , 19.7     ,          ,          , 7.5      ,          ,          ,          ,          ,          ,          ,          ,          ,          ,         
 , 3/10/1998 24:00 AM        , 0.58     , 10.0     , 28.9     , 9.3      ,          ,          , 8.9      ,          ,          ,          ,          ,          ,          ,          ,          ,          ,         
 , 3/11/1998 24:00 AM        , 0.57     , 9.1      , 23.6     , 12.9     ,          ,          , 9.5      ,          ,          ,          ,          ,          ,          ,          ,          ,          ,         
 , 3/12/1998 24:00 AM        , 0.86     , 37.1     , 29.0     , 2.5      ,          ,          , 13.8     ,          ,          ,          ,          ,          ,          ,          ,          ,          ,         
 , 3/13/1998 24:00 AM        , 0.91     , 56.0     , 25.0     , 0.5      ,          ,          , 19.5     ,          ,          ,          ,          ,          ,          ,          ,          ,          ,         
 , 3/14/1998 24:00 AM        , 0.59     , 12.2     , 21.1     , 12.8     ,          ,          , 13.7     ,          ,          ,          ,          ,          ,          ,          ,          ,          ,         
 , 3/15/1998 24:00 AM        , 0.54     , 8.3      , 20.6     , 13.7     ,          ,          , 10.3     ,          ,          ,          ,          ,          ,          ,          ,          ,          ,         
 , 3/16/1998 24:00 AM        , 0.46     , 9.5      , 11.6     , 32.2     ,          ,          , 10.9     ,          ,          ,          ,          ,          ,          ,          ,          ,          ,         
 , 3/17/1998 24:00 AM        , 0.69     , 34.2     , 22.3     , 13.8     ,          ,          , 13.6     ,          ,          ,          ,          ,          ,          ,          ,          ,          ,         
 , 3/18/1998 24:00 AM        , 0.82     , 43.5     , 28.5     , 9.6      ,          ,          , 27.1     ,          ,          ,          ,          ,          ,          ,          ,          ,          ,         
 , 3/19/1998 24:00 AM        , 0.85     , 65.6     , 29.7     , 10.2     ,          ,          , 25.3     ,          ,          ,          ,          ,          ,          ,          ,          ,          ,         
 , 3/20/1998 24:00 AM        , 0.58     , 25.8     , 26.2     , 10.5     ,          ,          , 19.8     ,          ,          ,          ,          ,          ,          ,          ,          ,          ,         
 , 3/21/1998 24:00 AM        , 0.67     , 29.5     , 28.6     , 5.0      ,          ,          , 17.9     ,          ,          ,          ,          ,          ,          ,          ,          ,          ,         
 , 3/22/1998 24:00 AM        , 0.40     , 1.7      , 15.1     , 24.4     ,          ,          , 7.5      ,          ,          ,          ,          ,          ,          ,          ,          ,          ,         
 , 3/23/1998 24:00 AM        , 0.55     , 9.6      , 24.1     , 19.9     ,          ,          , 9.6      ,          ,          ,          ,          ,          ,          ,          ,          ,          ,         
 , 3/24/1998 24:00 AM        , 0.50     , 4.8      , 20.1     , 23.7     ,          ,          , 8.3      ,          ,          ,          ,          ,          ,          ,          ,          ,          ,         
 , 3/25/1998 24:00 AM        , 0.42     , 5.9      , 12.3     , 24.2     ,          ,          , 8.4      ,          ,          ,          ,          ,          ,          ,          ,          ,          ,         
 , 3/26/1998 24:00 AM        , 0.39     , 3.1      , 6.9      , 40.4     ,          ,          , 5.0      ,          ,          ,          ,          ,          ,          ,          ,          ,          ,         
 , 3/27/1998 24:00 AM        , 0.49     , 9.0      , 24.3     , 21.3     ,          ,          , 10.0     ,          ,          ,          ,          ,          ,          ,          ,          ,          ,         
 , 3/28/1998 24:00 AM        , 0.46     , 10.4     , 19.5     , 19.5     ,          ,          , 9.7      ,          ,          ,          ,          ,          ,          ,          ,          ,          ,         
 , 3/29/1998 24:00 AM        , 0.62     , 28.2     , 24.8     , 15.0     ,          ,          , 11.2     ,          ,          ,          ,          ,          ,          ,          ,          ,          ,         
 , 3/30/1998 24:00 AM        , 0.53     , 4.9      , 27.4     , 12.8     ,          ,          , 9.0      ,          ,          ,          ,          ,          ,          ,          ,          ,          ,         
 , 3/31/1998 24:00 AM        , 0.50     , 9.1      , 19.4     , 16.4     ,          ,          , 6.8      ,          ,          ,          ,          ,          ,          ,          ,          ,          ,         
 , 4/1/1998 24:00 AM         , 0.70     , 34.4     , 23.9     , 11.3     ,          ,          , 12.0     ,          ,          ,          ,          ,          ,          ,          ,          ,          ,         
 , 4/2/1998 24:00 AM         , 0.65     , 20.3     , 26.4     , 12.4     ,          ,          , 19.3     ,          ,          ,          ,          ,          ,          ,          ,          ,          ,         
 , 4/3/1998 24:00 AM         , 0.52     , 23.0     , 18.0     , 21.2     ,          ,          , 17.9     ,          ,          ,          ,          ,          ,          ,          ,          ,          ,         
 , 4/4/1998 24:00 AM         , 0.48     , 7.7      , 25.4     , 15.1     ,          ,          , 17.9     ,          ,          ,          ,          ,          ,          ,          ,          ,          ,         
 , 4/5/1998 24:00 AM         , 0.46     , 3.0      , 19.3     , 17.8     ,          ,          , 12.2     ,          ,          ,          ,          ,          ,          ,          ,          ,          ,         
 , 4/6/1998 24:00 AM         , 0.49     , 6.0      , 19.9     , 19.3     ,          ,          , 11.6     ,          ,          ,          ,          ,          ,          ,          ,          ,          ,         
 , 4/7/1998 24:00 AM         , 0.33     , 3.2      , 13.6     , 31.6     ,          ,          ,          ,          ,          ,          ,          ,          ,          ,          ,          ,          ,         
 , 4/8/1998 24:00 AM         , 0.50     , 9.8      , 25.4     , 20.7     ,          ,          , 12.5     ,          ,          ,          ,          ,          ,          ,          ,          ,          ,         
 , 4/9/1998 24:00 AM         , 0.59     , 17.5     , 23.6     , 22.0     ,          ,          , 14.0     ,          ,          ,          ,          ,          ,          ,          ,          ,          ,         
 , 4/10/1998 24:00 AM        , 0.50     , 4.8      , 23.7     , 18.7     ,          ,          , 10.1     ,          ,          ,          ,          ,          ,          ,          ,          ,          ,         
 , 4/11/1998 24:00 AM        , 0.37     , 1.7      , 13.0     , 29.2     ,          ,          , 5.7      ,          ,          ,          ,          ,          ,          ,          ,          ,          ,         
 , 4/12/1998 24:00 AM        , 0.41     , 1.5      , 13.4     , 27.7     ,          ,          , 6.4      ,          ,          ,          ,          ,          ,          ,          ,          ,          ,         
 , 4/13/1998 24:00 AM        , 0.47     , 10.9     , 18.7     , 22.9     ,          ,          , 10.6     ,          ,          ,          ,          ,          ,          ,          ,          ,          ,         
 , 4/14/1998 24:00 AM        , 0.51     , 18.5     , 21.3     , 19.2     ,          ,          , 13.4     ,          ,          ,          ,          ,          ,          ,          ,          ,          ,         
 , 4/15/1998 24:00 AM        , 0.56     , 23.9     , 24.7     , 16.5     ,          ,          , 14.8     ,          ,          ,          ,          ,          ,          ,          ,          ,          ,         
 , 4/16/1998 24:00 AM        , 0.43     , 7.9      , 26.1     , 19.6     ,          ,          , 15.2     ,          ,          ,          ,          ,          ,          ,          ,          ,          ,         
 , 4/17/1998 24:00 AM        , 0.47     , 8.5      , 24.5     , 21.5     ,          ,          , 17.0     ,          ,          ,          ,          ,          ,          ,          ,          ,          ,         
 , 4/18/1998 24:00 AM        , 0.45     , 4.8      , 18.4     , 26.1     ,          ,          , 11.6     ,          ,          ,          ,          ,          ,          ,          ,          ,          ,         
 , 4/19/1998 24:00 AM        , 0.54     , 19.6     , 17.4     , 23.1     ,          ,          , 9.9      ,          ,          ,          ,          ,          ,          ,          ,          ,          ,         
 , 4/20/1998 24:00 AM        , 0.68     , 26.6     , 32.2     , 9.3      ,          ,          , 21.7     ,          ,          ,          ,          ,          ,          ,          ,          ,          ,         
 , 4/21/1998 24:00 AM        , 0.59     , 9.4      , 30.2     , 19.6     ,          ,          , 17.7     ,          ,          ,          ,          ,          ,          ,          ,          ,          ,         
 , 4/22/1998 24:00 AM        , 0.46     , 8.4      , 18.8     , 25.4     ,          ,          , 13.0     ,          ,          ,          ,          ,          ,          ,          ,          ,          ,         
 , 4/23/1998 24:00 AM        , 0.58     , 16.4     , 25.8     , 12.8     ,          ,          , 18.5     ,          ,          ,          ,          ,          ,          ,          ,          ,          ,         
 , 4/24/1998 24:00 AM        , 0.35     , 2.1      , 6.0      , 36.8     ,          ,          , 5.4      ,          ,          ,          ,          ,          ,          ,          ,          ,          ,         
 , 4/25/1998 24:00 AM        , 0.45     , 4.6      , 15.3     , 24.6     ,          ,          , 10.8     ,          ,          ,          ,          ,          ,          ,          ,          ,          ,         
 , 4/26/1998 24:00 AM        , 0.43     , 3.8      , 18.4     , 18.4     ,          ,          , 10.9     ,          ,          ,          ,          ,          ,          ,          ,          ,          ,         
 , 4/27/1998 24:00 AM        ,          , 16.5     , 20.2     , 18.3     ,          ,          , 16.0     ,          ,          ,          ,          ,          ,          ,          ,          ,          ,         
 , 4/28/1998 24:00 AM        ,          , 46.0     , 28.9     , 11.9     ,          ,          , 30.4     ,          ,          ,          ,          ,          ,          ,          ,          ,          ,         
 , 4/29/1998 24:00 AM        , 0.60     , 20.6     , 25.3     , 20.4     ,          ,          , 33.8     ,          ,          ,          ,          ,          ,          ,          ,          ,          ,         
 , 4/30/1998 24:00 AM        , 0.74     , 33.6     , 31.1     , 15.9     ,          ,          , 44.4     ,          ,          ,          ,          ,          ,          ,          ,          ,          ,         
 , 5/1/1998 24:00 AM         , 0.97     , 53.9     , 31.7     , 18.4     ,          ,          , 52.7     ,          ,          ,          ,          ,          ,          ,          ,          ,          ,         
 , 5/2/1998 24:00 AM         , 0.54     , 5.9      , 15.0     , 35.8     ,          ,          , 33.3     ,          ,          ,          ,          ,          ,          ,          ,          ,          ,         
 , 5/3/1998 24:00 AM         , 0.49     , 5.3      , 18.3     , 26.0     ,          ,          , 24.2     ,          ,          ,          ,          ,          ,          ,          ,          ,          ,         
 , 5/4/1998 24:00 AM         , 0.48     , 5.8      , 15.7     , 24.3     ,          ,          , 23.5     ,          ,          ,          ,          ,          ,          ,          ,          ,          ,         
 , 5/5/1998 24:00 AM         , 0.50     , 4.0      , 15.5     , 25.0     ,          ,          , 25.6     ,          ,          ,          ,          ,          ,          ,          ,          ,          ,         
 , 5/6/1998 24:00 AM         , 0.48     , 2.1      , 12.5     , 25.0     ,          ,          , 17.5     ,          ,          ,          ,          ,          ,          ,          ,          ,          ,         
 , 5/7/1998 24:00 AM         , 0.43     , 4.6      , 18.8     , 19.7     ,          ,          , 17.0     ,          ,          ,          ,          ,          ,          ,          ,          ,          ,         
 , 5/8/1998 24:00 AM         , 0.46     , 4.3      , 20.6     , 14.8     ,          ,          , 17.0     ,          ,          ,          ,          ,          ,          ,          ,          ,          ,         
 , 5/9/1998 24:00 AM         , 0.40     , 1.7      , 15.1     , 20.8     ,          ,          , 14.9     ,          ,          ,          ,          ,          ,          ,          ,          ,          ,         
 , 5/10/1998 24:00 AM        , 0.45     , 2.2      , 13.0     , 22.2     ,          ,          , 16.5     ,          ,          ,          ,          ,          ,          ,          ,          ,          ,         
 , 5/11/1998 24:00 AM        , 0.36     , 2.9      , 13.2     , 25.5     ,          ,          , 13.3     ,          ,          ,          ,          ,          ,          ,          ,          ,          ,         
 , 5/12/1998 24:00 AM        , 0.40     , 3.7      , 14.6     , 20.2     ,          ,          , 9.9      ,          ,          ,          ,          ,          ,          ,          ,          ,          ,         
 , 5/13/1998 24:00 AM        , 0.44     , 5.6      , 18.0     , 18.5     ,          ,          , 17.6     ,          ,          ,          ,          ,          ,          ,          ,          ,          ,         
 , 5/14/1998 24:00 AM        , 0.46     , 5.9      , 22.4     , 17.8     ,          ,          , 9.6      ,          ,          ,          ,          ,          ,          ,          ,          ,          ,         
 , 5/15/1998 24:00 AM        , 0.45     , 6.5      , 17.8     , 20.7     ,          ,          , 10.3     ,          ,          ,          ,          ,          ,          ,          ,          ,          ,         
 , 5/16/1998 24:00 AM        , 0.44     , 11.7     , 11.6     , 19.4     ,          ,          , 10.4     ,          ,          ,          ,          ,          ,          ,          ,          ,          ,         
 , 5/17/1998 24:00 AM        , 0.41     , 3.5      , 10.7     , 20.8     ,          ,          , 11.3     ,          ,          ,          ,          ,          ,          ,          ,          ,          ,         
 , 5/18/1998 24:00 AM        , 0.39     , 2.3      , 14.4     , 23.8     ,          ,          , 11.0     ,          ,          ,          ,          ,          ,          ,          ,          ,          ,         
 , 5/19/1998 24:00 AM        , 0.50     , 12.4     , 15.0     , 17.6     ,          ,          , 11.8     ,          ,          ,          ,          ,          ,          ,          ,          ,          ,         
 , 5/20/1998 24:00 AM        , 0.55     , 16.5     , 16.7     , 17.9     ,          ,          , 13.5     ,          ,          ,          ,          ,          ,          ,          ,          ,          ,         
 , 5/21/1998 24:00 AM        , 0.40     , 1.4      , 11.2     , 29.5     ,          ,          , 14.5     ,          ,          ,          ,          ,          ,          ,          ,          ,          ,         
 , 5/22/1998 24:00 AM        , 0.37     , 3.1      , 12.2     , 28.4     ,          ,          , 11.0     ,          ,          ,          ,          ,          ,          ,          ,          ,          ,         
 , 5/23/1998 24:00 AM        , 0.47     , 2.7      , 17.2     , 19.8     ,          ,          , 15.5     ,          ,          ,          ,          ,          ,          ,          ,          ,          ,         
 , 5/24/1998 24:00 AM        , 0.45     , 1.8      , 12.7     , 23.0     ,          ,          , 9.4      ,          ,          ,          ,          ,          ,          ,          ,          ,          ,         
 , 5/25/1998 24:00 AM        , 0.41     , 3.2      , 16.4     , 28.1     ,          ,          , 8.4      ,          ,          ,          ,          ,          ,          ,          ,          ,          ,         
 , 5/26/1998 24:00 AM        , 0.45     , 7.9      , 17.4     , 19.4     ,          ,          , 8.8      ,          ,          ,          ,          ,          ,          ,          ,          ,          ,         
 , 5/27/1998 24:00 AM        , 0.49     , 7.1      , 19.0     , 14.0     ,          ,          , 7.2      ,          ,          ,          ,          ,          ,          ,          ,          ,          ,         
 , 5/28/1998 24:00 AM        , 0.48     , 4.8      , 15.9     , 26.6     ,          ,          , 9.5      ,          ,          ,          ,          ,          ,          ,          ,          ,          ,         
 , 5/29/1998 24:00 AM        , 0.45     , 5.3      , 14.5     , 19.6     ,          ,          , 11.0     ,          ,          ,          ,          ,          ,          ,          ,          ,          ,         
 , 5/30/1998 24:00 AM        , 0.40     ,          , 10.5     , 24.2     ,          ,          , 12.6     ,          ,          ,          ,          ,          ,          ,          ,          ,          ,         
 , 5/31/1998 24:00 AM        , 0.44     , 2.4      , 12.7     , 21.3     ,          ,          , 11.8     ,          ,          ,          ,          ,          ,          ,          ,          ,          ,         
 , 6/1/1998 24:00 AM         , 0.41     , 6.8      , 13.3     , 22.8     ,          ,          , 12.4     ,          ,          ,          ,          ,          ,          ,          ,          ,          ,         
 , 6/2/1998 24:00 AM         , 0.58     , 23.6     , 22.1     , 15.6     ,          ,          , 16.5     ,          ,          ,          ,          ,          ,          ,          ,          ,          ,         
 , 6/3/1998 24:00 AM         , 0.45     , 3.0      , 13.3     , 24.9     ,          ,          , 18.5     ,          ,          ,          ,          ,          ,          ,          ,          ,          ,         
 , 6/4/1998 24:00 AM         , 0.36     ,          ,          , 21.3     ,          ,          , 17.1     ,          ,          ,          ,          ,          ,          ,          ,          ,          ,         
 , 6/5/1998 24:00 AM         , 0.38     , 2.3      , 10.7     , 23.1     ,          ,          , 10.6     ,          ,          ,          ,          ,          ,          ,          ,          ,          ,         
 , 6/6/1998 24:00 AM         , 0.46     , 4.5      , 17.7     , 22.7     ,          ,          , 16.8     ,          ,          ,          ,          ,          ,          ,          ,          ,          ,         
 , 6/7/1998 24:00 AM         , 0.46     , 4.5      , 14.5     , 20.5     ,          ,          , 15.3     ,          ,          ,          ,          ,          ,          ,          ,          ,          ,         
 , 6/8/1998 24:00 AM         , 0.38     , 2.6      , 9.5      , 24.2     ,          ,          , 15.2     ,          ,          ,          ,          ,          ,          ,          ,          ,          ,         
 , 6/9/1998 24:00 AM         , 0.33     , 2.4      , 7.5      , 17.7     ,          ,          , 10.6     ,          ,          ,          ,          ,          ,          ,          ,          ,          ,         
 , 6/10/1998 24:00 AM        , 0.30     , 2.8      , 7.0      , 20.1     ,          ,          , 4.9      ,          ,          ,          ,          ,          ,          ,          ,          ,          ,         
 , 6/11/1998 24:00 AM        , 0.32     , 2.2      , 5.6      , 26.5     ,          ,          , 10.0     ,          ,          ,          ,          ,          ,          ,          ,          ,          ,         
 , 6/12/1998 24:00 AM        , 0.38     , 2.6      , 7.1      , 27.8     ,          ,          , 13.6     ,          ,          ,          ,          ,          ,          ,          ,          ,          ,         
 , 6/13/1998 24:00 AM        , 0.38     , 2.3      , 7.0      , 30.8     ,          ,          , 13.0     ,          ,          ,          ,          ,          ,          ,          ,          ,          ,         
 , 6/14/1998 24:00 AM        , 0.39     , 1.5      , 7.7      , 22.5     ,          ,          , 15.3     ,          ,          ,          ,          ,          ,          ,          ,          ,          ,         
 , 6/15/1998 24:00 AM        , 0.33     , 4.2      , 9.1      , 25.6     ,          ,          , 11.7     ,          ,          ,          ,          ,          ,          ,          ,          ,          ,         
 , 6/16/1998 24:00 AM        , 0.45     , 7.8      , 15.2     , 18.0     ,          ,          , 14.9     ,          ,          ,          ,          ,          ,          ,          ,          ,          ,         
 , 6/17/1998 24:00 AM        , 0.40     , 3.3      , 12.8     , 16.2     ,          ,          , 14.7     ,          ,          ,          ,          ,          ,          ,          ,          ,          ,         
 , 6/18/1998 24:00 AM        , 0.42     , 5.5      , 12.0     , 17.1     ,          ,          , 9.7      ,          ,          ,          ,          ,          ,          ,          ,          ,          ,         
 , 6/19/1998 24:00 AM        , 0.52     , 16.6     , 17.3     , 11.7     ,          ,          , 15.5     ,          ,          ,          ,          ,          ,          ,          ,          ,          ,         
 , 6/20/1998 24:00 AM        , 0.53     , 7.0      , 16.4     , 14.8     ,          ,          , 15.8     ,          ,          ,          ,          ,          ,          ,          ,          ,          ,         
 , 6/21/1998 24:00 AM        , 0.60     , 13.1     , 16.7     , 12.7     ,          ,          , 13.8     ,          ,          ,          ,          ,          ,          ,          ,          ,          ,         
 , 6/22/1998 24:00 AM        , 0.52     , 6.5      , 14.3     , 20.4     ,          ,          , 17.9     ,          ,          ,          ,          ,          ,          ,          ,          ,          ,         
 , 6/23/1998 24:00 AM        , 0.30     , 3.1      , 8.4      , 14.5     ,          ,          , 9.3      ,          ,          ,          ,          ,          ,          ,          ,          ,          ,         
 , 6/24/1998 24:00 AM        , 0.33     , 3.1      , 8.7      , 15.7     ,          ,          , 6.4      ,          ,          ,          ,          ,          ,          ,          ,          ,          ,         
 , 6/25/1998 24:00 AM        , 0.26     , 2.5      , 7.8      , 19.6     ,          ,          , 6.0      ,          ,          ,          ,          ,          ,          ,          ,          ,          ,         
 , 6/26/1998 24:00 AM        , 0.33     , 7.7      , 15.3     , 9.3      ,          ,          , 12.0     ,          ,          ,          ,          ,          ,          ,          ,          ,          ,         
 , 6/27/1998 24:00 AM        , 0.40     , 7.0      , 16.6     , 15.6     ,          ,          , 10.6     ,          ,          ,          ,          ,          ,          ,          ,          ,          ,         
 , 6/28/1998 24:00 AM        , 0.54     , 14.3     , 17.5     , 12.9     ,          ,          , 13.9     ,          ,          ,          ,          ,          ,          ,          ,          ,          ,         
 , 6/29/1998 24:00 AM        , 0.60     , 18.4     , 21.7     , 11.8     ,          ,          , 17.3     ,          ,          ,          ,          ,          ,          ,          ,          ,          ,         
 , 6/30/1998 24:00 AM        , 0.47     , 5.5      , 15.2     , 24.1     ,          ,          , 17.7     ,          ,          ,          ,          ,          ,          ,          ,          ,          ,         
 , 7/1/1998 24:00 AM         , 0.38     , 2.3      , 9.4      , 17.6     ,          ,          , 11.3     ,          ,          ,          ,          ,          ,          ,          ,          ,          ,         
 , 7/2/1998 24:00 AM         , 0.49     , 4.8      , 13.7     , 19.3     ,          ,          , 16.0     ,          ,          ,          ,          ,          ,          ,          ,          ,          ,         
 , 7/3/1998 24:00 AM         , 0.50     , 5.2      , 12.0     , 5.7      ,          ,          , 8.5      ,          ,          ,          ,          ,          ,          ,          ,          ,          ,         
 , 7/4/1998 24:00 AM         , 0.38     , 4.3      , 10.0     , 5.6      ,          ,          , 6.3      ,          ,          ,          ,          ,          ,          ,          ,          ,          ,         
 , 7/5/1998 24:00 AM         , 0.38     , 2.8      , 9.3      , 11.8     ,          ,          , 10.0     ,          ,          ,          ,          ,          ,          ,          ,          ,          ,         
 , 7/6/1998 24:00 AM         , 0.43     , 7.5      , 11.8     , 17.5     ,          ,          , 13.1     ,          ,          ,          ,          ,          ,          ,          ,          ,          ,         
 , 7/7/1998 24:00 AM         , 0.38     , 3.7      , 6.8      , 17.4     ,          ,          , 7.3      ,          ,          ,          ,          ,          ,          ,          ,          ,          ,         
 , 7/8/1998 24:00 AM         , 0.42     , 8.9      , 15.5     , 17.1     ,          ,          , 13.0     ,          ,          ,          ,          ,          ,          ,          ,          ,          ,         
 , 7/9/1998 24:00 AM         , 0.45     , 4.9      , 17.8     , 20.7     ,          ,          , 19.1     ,          ,          ,          ,          ,          ,          ,          ,          ,          ,         
 , 7/10/1998 24:00 AM        , 0.47     , 5.5      , 17.8     , 16.7     ,          ,          , 19.2     ,          ,          ,          ,          ,          ,          ,          ,          ,          ,         
 , 7/11/1998 24:00 AM        , 0.38     , 3.1      , 10.3     , 10.3     ,          ,          , 10.5     ,          ,          ,          ,          ,          ,          ,          ,          ,          ,         
 , 7/12/1998 24:00 AM        , 0.38     , 4.0      , 11.6     , 10.8     ,          ,          , 7.3      ,          ,          ,          ,          ,          ,          ,          ,          ,          ,         
 , 7/13/1998 24:00 AM        , 0.34     ,          , 14.6     ,          ,          ,          ,          ,          ,          ,          ,          ,          ,          ,          ,          ,          ,         
 , 7/14/1998 24:00 AM        , 0.51     ,          , 19.0     ,          ,          ,          ,          ,          ,          ,          ,          ,          ,          ,          ,          ,          ,         
 , 7/15/1998 24:00 AM        , 0.58     , 22.6     , 17.7     ,          ,          ,          , 10.3     ,          ,          ,          ,          ,          ,          ,          ,          ,          ,         
 , 7/16/1998 24:00 AM        , 0.55     , 19.8     , 17.5     ,          ,          ,          , 18.2     ,          ,          ,          ,          ,          ,          ,          ,          ,          ,         
 , 7/17/1998 24:00 AM        , 0.43     , 13.5     , 14.0     ,          ,          ,          , 12.8     ,          ,          ,          ,          ,          ,          ,          ,          ,          ,         
 , 7/18/1998 24:00 AM        , 0.34     , 6.2      , 11.5     ,          ,          ,          , 11.5     ,          ,          ,          ,          ,          ,          ,          ,          ,          ,         
 , 7/19/1998 24:00 AM        , 0.30     , 2.1      , 6.5      ,          ,          ,          , 7.4      ,          ,          ,          ,          ,          ,          ,          ,          ,          ,         
 , 7/20/1998 24:00 AM        , 0.48     , 13.9     , 14.6     ,          ,          ,          , 12.8     ,          ,          ,          ,          ,          ,          ,          ,          ,          ,         
 , 7/21/1998 24:00 AM        , 0.48     , 14.8     , 15.3     ,          ,          ,          , 16.1     ,          ,          ,          ,          ,          ,          ,          ,          ,          ,         
 , 7/22/1998 24:00 AM        , 0.46     , 11.3     , 14.1     , 11.0     ,          ,          , 15.7     ,          ,          ,          ,          ,          ,          ,          ,          ,          ,         
 , 7/23/1998 24:00 AM        , 0.37     , 7.0      , 11.4     , 12.9     ,          ,          , 17.9     ,          ,          ,          ,          ,          ,          ,          ,          ,          ,         
 , 7/24/1998 24:00 AM        , 0.38     , 6.4      , 12.5     , 16.8     ,          ,          , 18.2     ,          ,          ,          ,          ,          ,          ,          ,          ,          ,         
 , 7/25/1998 24:00 AM        , 0.43     , 7.1      , 13.8     , 14.1     ,          ,          , 14.4     ,          ,          ,          ,          ,          ,          ,          ,          ,          ,         
 , 7/26/1998 24:00 AM        , 0.55     , 13.3     , 18.7     , 15.7     ,          ,          , 18.2     ,          ,          ,          ,          ,          ,          ,          ,          ,          ,         
 , 7/27/1998 24:00 AM        , 0.57     , 11.7     , 31.0     , 32.3     ,          ,          , 35.1     ,          ,          ,          ,          ,          ,          ,          ,          ,          ,         
 , 7/28/1998 24:00 AM        , 0.58     , 7.3      , 31.1     , 24.1     ,          ,          , 35.2     ,          ,          ,          ,          ,          ,          ,          ,          ,          ,         
 , 7/29/1998 24:00 AM        , 0.54     , 8.1      , 27.6     , 24.3     ,          ,          , 27.6     ,          ,          ,          ,          ,          ,          ,          ,          ,          ,         
 , 7/30/1998 24:00 AM        , 0.40     , 2.9      , 10.6     , 17.1     ,          ,          , 13.8     ,          ,          ,          ,          ,          ,          ,          ,          ,          ,         
 , 7/31/1998 24:00 AM        , 0.40     , 3.9      , 10.7     , 14.4     ,          ,          , 12.3     ,          ,          ,          ,          ,          ,          ,          ,          ,          ,         
 , 8/1/1998 24:00 AM         , 0.42     , 4.0      , 12.7     , 19.7     ,          ,          , 15.7     ,          ,          ,          ,          ,          ,          ,          ,          ,          ,         
 , 8/2/1998 24:00 AM         , 0.52     , 8.2      , 20.1     , 17.0     ,          ,          , 14.8     ,          ,          ,          ,          ,          ,          ,          ,          ,          ,         
 , 8/3/1998 24:00 AM         , 0.52     , 9.1      , 22.6     , 30.4     ,          ,          , 24.3     ,          ,          ,          ,          ,          ,          ,          ,          ,          ,         
 , 8/4/1998 24:00 AM         , 0.46     , 4.7      , 21.2     , 25.9     ,          ,          , 20.0     ,          ,          ,          ,          ,          ,          ,          ,          ,          ,         
 , 8/5/1998 24:00 AM         , 0.42     , 6.8      , 15.6     , 17.3     ,          ,          , 19.5     ,          ,          ,          ,          ,          ,          ,          ,          ,          ,         
 , 8/6/1998 24:00 AM         , 0.42     , 6.0      , 12.3     , 18.1     ,          ,          , 10.3     ,          ,          ,          ,          ,          ,          ,          ,          ,          ,         
 , 8/7/1998 24:00 AM         , 0.36     , 5.4      , 13.1     , 17.6     ,          ,          , 16.3     ,          ,          ,          ,          ,          ,          ,          ,          ,          ,         
 , 8/8/1998 24:00 AM         , 0.35     , 3.8      , 13.8     , 17.8     ,          ,          , 13.0     ,          ,          ,          ,          ,          ,          ,          ,          ,          ,         
 , 8/9/1998 24:00 AM         , 0.43     , 4.2      , 14.8     , 19.0     ,          ,          , 13.6     ,          ,          ,          ,          ,          ,          ,          ,          ,          ,         
 , 8/10/1998 24:00 AM        , 0.47     , 6.0      , 16.4     , 13.6     ,          ,          , 15.8     ,          ,          ,          ,          ,          ,          ,          ,          ,          ,         
 , 8/11/1998 24:00 AM        , 0.50     , 18.6     , 21.9     , 12.2     ,          ,          , 18.3     ,          ,          ,          ,          ,          ,          ,          ,          ,          ,         
 , 8/12/1998 24:00 AM        , 0.46     , 12.0     , 18.9     , 12.3     ,          ,          , 15.5     ,          ,          ,          ,          ,          ,          ,          ,          ,          ,         
 , 8/13/1998 24:00 AM        , 0.56     , 15.9     , 17.5     , 13.6     ,          ,          , 20.6     ,          ,          ,          ,          ,          ,          ,          ,          ,          ,         
 , 8/14/1998 24:00 AM        , 0.43     , 13.7     , 16.9     , 10.8     ,          ,          , 17.7     ,          ,          ,          ,          ,          ,          ,          ,          ,          ,         
 , 8/15/1998 24:00 AM        , 0.30     , 2.0      , 6.7      , 23.9     ,          ,          , 10.1     ,          ,          ,          ,          ,          ,          ,          ,          ,          ,         
 , 8/16/1998 24:00 AM        , 0.28     , 2.7      , 6.1      , 27.9     ,          ,          , 5.5      ,          ,          ,          ,          ,          ,          ,          ,          ,          ,         
 , 8/17/1998 24:00 AM        , 0.52     , 11.9     , 22.7     , 6.8      ,          ,          , 13.1     ,          ,          ,          ,          ,          ,          ,          ,          ,          ,         
 , 8/18/1998 24:00 AM        , 0.43     , 10.9     , 18.4     , 10.0     ,          ,          , 11.8     ,          ,          ,          ,          ,          ,          ,          ,          ,          ,         
 , 8/19/1998 24:00 AM        , 0.53     , 29.4     , 16.5     , 11.0     ,          ,          , 16.0     ,          ,          ,          ,          ,          ,          ,          ,          ,          ,         
 , 8/20/1998 24:00 AM        , 0.66     , 33.4     , 27.2     , 13.4     ,          ,          , 24.7     ,          ,          ,          ,          ,          ,          ,          ,          ,          ,         
 , 8/21/1998 24:00 AM        , 0.43     , 5.4      , 15.5     , 19.8     ,          ,          ,          ,          ,          ,          ,          ,          ,          ,          ,          ,          ,         
 , 8/22/1998 24:00 AM        , 0.39     , 6.0      , 17.4     , 18.1     ,          ,          , 16.0     ,          ,          ,          ,          ,          ,          ,          ,          ,          ,         
 , 8/23/1998 24:00 AM        , 0.45     , 9.2      , 19.1     , 16.7     ,          ,          , 17.5     ,          ,          ,          ,          ,          ,          ,          ,          ,          ,         
 , 8/24/1998 24:00 AM        , 0.52     , 15.7     , 21.8     , 15.3     ,          ,          , 20.0     ,          ,          ,          ,          ,          ,          ,          ,          ,          ,         
 , 8/25/1998 24:00 AM        , 0.59     , 24.7     , 21.8     , 17.5     ,          ,          , 22.5     ,          ,          ,          ,          ,          ,          ,          ,          ,          ,         
 , 8/26/1998 24:00 AM        , 0.52     , 12.1     , 20.7     , 14.9     ,          ,          , 19.4     ,          ,          ,          ,          ,          ,          ,          ,          ,          ,         
 , 8/27/1998 24:00 AM        , 0.60     , 13.2     , 25.9     , 18.9     ,          ,          , 24.5     ,          ,          ,          ,          ,          ,          ,          ,          ,          ,         
 , 8/28/1998 24:00 AM        , 0.85     , 36.0     , 26.4     , 18.8     ,          ,          , 22.5     ,          ,          ,          ,          ,          ,          ,          ,          ,          ,         
 , 8/29/1998 24:00 AM        , 0.63     , 21.9     , 24.0     , 14.0     ,          ,          , 19.8     ,          ,          ,          ,          ,          ,          ,          ,          ,          ,         
 , 8/30/1998 24:00 AM        , 0.53     , 14.6     , 15.7     , 9.6      ,          ,          , 14.5     ,          ,          ,          ,          ,          ,          ,          ,          ,          ,         
 , 8/31/1998 24:00 AM        , 0.75     , 35.5     , 27.5     , 11.3     ,          ,          , 37.6     ,          ,          ,          ,          ,          ,          ,          ,          ,          ,         
 , 9/1/1998 24:00 AM         , 0.75     , 33.5     , 24.1     , 17.3     ,          ,          , 27.4     ,          ,          ,          ,          ,          ,          ,          ,          ,          ,         
 , 9/2/1998 24:00 AM         , 0.50     , 9.9      , 20.0     , 15.1     ,          ,          , 15.7     ,          ,          ,          ,          ,          ,          ,          ,          ,          ,         
 , 9/3/1998 24:00 AM         , 0.54     , 12.8     , 16.3     , 20.7     ,          ,          , 23.3     ,          ,          ,          ,          ,          ,          ,          ,          ,          ,         
 , 9/4/1998 24:00 AM         , 0.43     , 2.7      , 11.2     , 26.7     ,          ,          , 15.7     ,          ,          ,          ,          ,          ,          ,          ,          ,          ,         
 , 9/5/1998 24:00 AM         , 0.60     , 15.5     , 23.0     , 15.8     ,          ,          , 20.1     ,          ,          ,          ,          ,          ,          ,          ,          ,          ,         
 , 9/6/1998 24:00 AM         , 0.44     , 1.8      , 17.5     , 32.8     ,          ,          , 17.5     ,          ,          ,          ,          ,          ,          ,          ,          ,          ,         
 , 9/7/1998 24:00 AM         , 0.46     , 5.3      , 14.4     , 21.0     ,          ,          , 20.5     ,          ,          ,          ,          ,          ,          ,          ,          ,          ,         
 , 9/8/1998 24:00 AM         , 0.37     , 4.5      , 10.8     , 24.7     ,          ,          , 11.5     ,          ,          ,          ,          ,          ,          ,          ,          ,          ,         
 , 9/9/1998 24:00 AM         , 0.50     , 11.4     , 22.1     , 15.3     ,          ,          , 17.9     ,          ,          ,          ,          ,          ,          ,          ,          ,          ,         
 , 9/10/1998 24:00 AM        , 0.46     , 4.0      , 19.8     , 20.7     ,          ,          , 14.7     ,          ,          ,          ,          ,          ,          ,          ,          ,          ,         
 , 9/11/1998 24:00 AM        , 0.65     , 17.9     , 26.8     , 16.1     ,          ,          , 23.8     ,          ,          ,          ,          ,          ,          ,          ,          ,          ,         
 , 9/12/1998 24:00 AM        , 0.50     , 5.6      , 17.1     , 14.2     ,          ,          , 12.6     ,          ,          ,          ,          ,          ,          ,          ,          ,          ,         
 , 9/13/1998 24:00 AM        , 0.58     , 11.7     , 17.2     , 14.8     ,          ,          , 15.8     ,          ,          ,          ,          ,          ,          ,          ,          ,          ,         
 , 9/14/1998 24:00 AM        , 0.78     , 45.0     , 18.8     , 13.2     ,          ,          , 18.8     ,          ,          ,          ,          ,          ,          ,          ,          ,          ,         
 , 9/15/1998 24:00 AM        , 0.61     , 23.7     , 17.6     , 11.1     ,          ,          , 13.6     ,          ,          ,          ,          ,          ,          ,          ,          ,          ,         
 , 9/16/1998 24:00 AM        , 1.03     , 57.1     , 29.4     , 17.9     ,          ,          , 32.8     ,          ,          ,          ,          ,          ,          ,          ,          ,          ,         
 , 9/17/1998 24:00 AM        , 0.70     , 16.8     , 26.0     , 8.5      ,          ,          , 22.5     ,          ,          ,          ,          ,          ,          ,          ,          ,          ,         
 , 9/18/1998 24:00 AM        , 0.50     , 12.1     , 17.7     , 18.9     ,          ,          , 9.3      ,          ,          ,          ,          ,          ,          ,          ,          ,          ,         
 , 9/19/1998 24:00 AM        , 0.43     , 2.8      , 11.2     , 20.4     ,          ,          , 10.0     ,          ,          ,          ,          ,          ,          ,          ,          ,          ,         
 , 9/20/1998 24:00 AM        , 0.48     , 6.9      , 14.9     , 15.5     ,          ,          , 10.5     ,          ,          ,          ,          ,          ,          ,          ,          ,          ,         
 , 9/21/1998 24:00 AM        , 0.73     , 33.5     , 16.8     , 9.6      ,          ,          , 14.0     ,          ,          ,          ,          ,          ,          ,          ,          ,          ,         
 , 9/22/1998 24:00 AM        , 0.50     , 14.0     , 13.4     , 11.5     ,          ,          , 10.8     ,          ,          ,          ,          ,          ,          ,          ,          ,          ,         
 , 9/23/1998 24:00 AM        , 0.87     , 58.3     , 21.4     , 8.2      ,          ,          , 18.9     ,          ,          ,          ,          ,          ,          ,          ,          ,          ,         
 , 9/24/1998 24:00 AM        , 0.57     , 12.2     , 19.3     , 5.1      ,          ,          , 14.1     ,          ,          ,          ,          ,          ,          ,          ,          ,          ,         
 , 9/25/1998 24:00 AM        , 0.61     , 16.2     , 16.7     , 18.0     ,          ,          , 11.9     ,          ,          ,          ,          ,          ,          ,          ,          ,          ,         
 , 9/26/1998 24:00 AM        , 0.90     , 53.5     , 22.5     , 9.4      ,          ,          , 15.7     ,          ,          ,          ,          ,          ,          ,          ,          ,          ,         
 , 9/27/1998 24:00 AM        , 0.81     , 47.3     , 18.0     , 10.7     ,          ,          , 12.5     ,          ,          ,          ,          ,          ,          ,          ,          ,          ,         
 , 9/28/1998 24:00 AM        , 0.66     , 31.5     , 14.7     , 13.9     ,          ,          , 11.9     ,          ,          ,          ,          ,          ,          ,          ,          ,          ,         
 , 9/29/1998 24:00 AM        , 0.57     , 18.9     , 17.6     , 17.0     ,          ,          , 14.9     ,          ,          ,          ,          ,          ,          ,          ,          ,          ,         
 , 9/30/1998 24:00 AM        , 1.05     , 70.6     , 26.6     , 7.2      ,          ,          , 25.4     ,          ,          ,          ,          ,          ,          ,          ,          ,          ,         
 , 10/1/1998 24:00 AM        , 0.63     , 17.9     , 19.9     , 8.9      ,          ,          , 15.7     ,          ,          ,          ,          ,          ,          ,          ,          ,          ,         
 , 10/2/1998 24:00 AM        , 0.47     , 5.1      , 13.1     , 21.2     ,          ,          , 7.0      ,          ,          ,          ,          ,          ,          ,          ,          ,          ,         
 , 10/3/1998 24:00 AM        , 0.51     , 6.2      , 19.3     , 9.5      ,          ,          , 5.8      ,          ,          ,          ,          ,          ,          ,          ,          ,          ,         
 , 10/4/1998 24:00 AM        , 0.55     , 8.3      , 19.4     , 7.9      ,          ,          , 9.8      ,          ,          ,          ,          ,          ,          ,          ,          ,          ,         
 , 10/5/1998 24:00 AM        , 0.66     , 11.6     , 23.2     , 5.6      ,          ,          , 12.6     ,          ,          ,          ,          ,          ,          ,          ,          ,          ,         
 , 10/6/1998 24:00 AM        , 0.85     , 49.0     , 22.7     , 4.4      ,          ,          , 18.0     ,          ,          ,          ,          ,          ,          ,          ,          ,          ,         
 , 10/7/1998 24:00 AM        , 1.14     , 75.2     , 29.9     , 4.3      ,          ,          , 29.2     ,          ,          ,          ,          ,          ,          ,          ,          ,          ,         
 , 10/8/1998 24:00 AM        , 0.56     , 3.9      , 20.9     , 17.8     ,          ,          , 14.5     ,          ,          ,          ,          ,          ,          ,          ,          ,          ,         
 , 10/9/1998 24:00 AM        , 0.60     , 7.9      , 20.4     , 15.2     ,          ,          , 10.1     ,          ,          ,          ,          ,          ,          ,          ,          ,          ,         
 , 10/10/1998 24:00 AM       , 0.53     , 4.8      , 21.7     , 10.2     ,          ,          , 11.5     ,          ,          ,          ,          ,          ,          ,          ,          ,          ,         
 , 10/11/1998 24:00 AM       , 0.52     , 3.9      , 18.8     , 12.5     ,          ,          , 9.7      ,          ,          ,          ,          ,          ,          ,          ,          ,          ,         
 , 10/12/1998 24:00 AM       , 0.49     , 2.5      , 17.6     , 17.4     ,          ,          , 8.5      ,          ,          ,          ,          ,          ,          ,          ,          ,          ,         
 , 10/13/1998 24:00 AM       , 0.55     , 10.2     , 21.0     , 13.5     ,          ,          , 10.3     ,          ,          ,          ,          ,          ,          ,          ,          ,          ,         
 , 10/14/1998 24:00 AM       , 0.53     , 13.6     , 19.3     , 16.9     ,          ,          , 12.4     ,          ,          ,          ,          ,          ,          ,          ,          ,          ,         
 , 10/15/1998 24:00 AM       , 0.78     , 39.4     , 23.3     , 8.7      ,          ,          , 14.3     ,          ,          ,          ,          ,          ,          ,          ,          ,          ,         
 , 10/16/1998 24:00 AM       , 0.72     , 30.8     , 24.6     , 4.8      ,          ,          , 15.6     ,          ,          ,          ,          ,          ,          ,          ,          ,          ,         
 , 10/17/1998 24:00 AM       , 0.53     , 10.9     , 16.9     , 17.3     ,          ,          , 13.6     ,          ,          ,          ,          ,          ,          ,          ,          ,          ,         
 , 10/18/1998 24:00 AM       , 0.70     ,          , 20.4     , 8.3      ,          ,          , 15.1     ,          ,          ,          ,          ,          ,          ,          ,          ,          ,         
 , 10/19/1998 24:00 AM       , 0.94     , 53.9     , 17.3     , 5.5      ,          ,          , 14.9     ,          ,          ,          ,          ,          ,          ,          ,          ,          ,         
 , 10/20/1998 24:00 AM       , 1.76     , 149.5    , 28.6     , 5.3      ,          ,          , 29.8     ,          ,          ,          ,          ,          ,          ,          ,          ,          ,         
 , 10/21/1998 24:00 AM       , 1.47     , 113.9    , 29.9     , 3.1      ,          ,          , 24.7     ,          ,          ,          ,          ,          ,          ,          ,          ,          ,         
 , 10/22/1998 24:00 AM       , 2.04     , 184.8    , 41.0     , 2.8      ,          ,          , 40.3     ,          ,          ,          ,          ,          ,          ,          ,          ,          ,         
 , 10/23/1998 24:00 AM       , 1.25     , 95.9     , 31.6     , 3.3      ,          ,          , 32.3     ,          ,          ,          ,          ,          ,          ,          ,          ,          ,         
 , 10/24/1998 24:00 AM       , 1.27     , 81.5     , 31.1     , 1.6      ,          ,          , 34.6     ,          ,          ,          ,          ,          ,          ,          ,          ,          ,         
 , 10/25/1998 24:00 AM       , 0.75     , 22.7     , 24.5     , 6.9      ,          ,          , 17.7     ,          ,          ,          ,          ,          ,          ,          ,          ,          ,         
 , 10/26/1998 24:00 AM       , 0.90     , 42.0     , 25.3     , 6.9      ,          ,          , 12.5     ,          ,          ,          ,          ,          ,          ,          ,          ,          ,         
 , 10/27/1998 24:00 AM       , 1.04     , 86.5     , 17.6     , 12.3     ,          ,          , 15.1     ,          ,          ,          ,          ,          ,          ,          ,          ,          ,         
 , 10/28/1998 24:00 AM       , 1.00     , 61.1     , 29.4     , 8.6      ,          ,          , 16.0     ,          ,          ,          ,          ,          ,          ,          ,          ,          ,         
 , 10/29/1998 24:00 AM       , 0.77     , 37.1     , 27.1     , 5.0      ,          ,          , 18.1     ,          ,          ,          ,          ,          ,          ,          ,          ,          ,         
 , 10/30/1998 24:00 AM       , 1.38     , 116.0    , 25.5     , 0.7      ,          ,          , 25.7     ,          ,          ,          ,          ,          ,          ,          ,          ,          ,         
 , 10/31/1998 24:00 AM       , 0.56     , 5.6      , 24.7     , 9.3      ,          ,          , 13.3     ,          ,          ,          ,          ,          ,          ,          ,          ,          ,         
 , 11/1/1998 24:00 AM        , 0.64     , 14.0     , 24.9     , 3.5      ,          ,          , 11.8     ,          ,          ,          ,          ,          ,          ,          ,          ,          ,         
 , 11/2/1998 24:00 AM        , 0.70     , 41.2     , 22.4     , 0.3      ,          ,          , 13.0     ,          ,          ,          ,          ,          ,          ,          ,          ,          ,         
 , 11/3/1998 24:00 AM        , 1.10     , 76.5     , 25.4     , 0.5      ,          ,          , 19.8     ,          ,          ,          ,          ,          ,          ,          ,          ,          ,         
 , 11/4/1998 24:00 AM        , 0.62     , 20.8     , 23.9     , 1.6      ,          ,          , 10.6     ,          ,          ,          ,          ,          ,          ,          ,          ,          ,         
 , 11/5/1998 24:00 AM        , 0.60     , 18.6     , 26.9     , 3.7      ,          ,          , 9.5      ,          ,          ,          ,          ,          ,          ,          ,          ,          ,         
 , 11/6/1998 24:00 AM        , 0.90     , 47.9     , 26.4     , 4.0      ,          ,          , 14.8     ,          ,          ,          ,          ,          ,          ,          ,          ,          ,         
 , 11/7/1998 24:00 AM        , 0.83     , 54.7     , 14.4     , 5.7      ,          ,          , 15.6     ,          ,          ,          ,          ,          ,          ,          ,          ,          ,         
 , 11/8/1998 24:00 AM        , 0.96     , 65.8     , 18.6     , 1.2      ,          ,          , 20.8     ,          ,          ,          ,          ,          ,          ,          ,          ,          ,         
 , 11/9/1998 24:00 AM        , 0.81     , 36.4     , 25.1     , 0.7      ,          ,          , 16.2     ,          ,          ,          ,          ,          ,          ,          ,          ,          ,         
 , 11/10/1998 24:00 AM       , 0.73     , 33.0     , 23.1     , 3.8      ,          ,          , 14.0     ,          ,          ,          ,          ,          ,          ,          ,          ,          ,         
 , 11/11/1998 24:00 AM       , 1.17     , 81.2     , 22.1     , 3.6      ,          ,          , 18.5     ,          ,          ,          ,          ,          ,          ,          ,          ,          ,         
 , 11/12/1998 24:00 AM       , 0.52     , 6.6      , 17.4     , 10.7     ,          ,          , 10.3     ,          ,          ,          ,          ,          ,          ,          ,          ,          ,         
 , 11/13/1998 24:00 AM       , 0.56     , 4.5      , 17.6     , 12.8     ,          ,          , 8.8      ,          ,          ,          ,          ,          ,          ,          ,          ,          ,         
 , 11/14/1998 24:00 AM       , 0.52     , 2.4      , 19.5     , 15.9     ,          ,          , 4.8      ,          ,          ,          ,          ,          ,          ,          ,          ,          ,         
 , 11/15/1998 24:00 AM       , 0.45     , 1.1      , 8.1      , 27.8     ,          ,          , 7.2      ,          ,          ,          ,          ,          ,          ,          ,          ,          ,         
 , 11/16/1998 24:00 AM       , 0.66     , 19.5     , 23.2     , 13.5     ,          ,          , 12.7     ,          ,          ,          ,          ,          ,          ,          ,          ,          ,         
 , 11/17/1998 24:00 AM       , 1.39     , 114.8    , 32.7     , 2.8      ,          ,          , 20.9     ,          ,          ,          ,          ,          ,          ,          ,          ,          ,         
 , 11/18/1998 24:00 AM       , 1.05     , 65.3     , 22.8     , 8.2      ,          ,          , 15.2     ,          ,          ,          ,          ,          ,          ,          ,          ,          ,         
 , 11/19/1998 24:00 AM       , 0.55     , 12.3     , 27.5     , 5.2      ,          ,          , 8.2      ,          ,          ,          ,          ,          ,          ,          ,          ,          ,         
 , 11/20/1998 24:00 AM       , 0.41     , 1.7      , 10.7     , 26.5     ,          ,          , 5.5      ,          ,          ,          ,          ,          ,          ,          ,          ,          ,         
 , 11/21/1998 24:00 AM       , 0.36     , 2.2      , 9.3      , 32.0     ,          ,          , 6.2      ,          ,          ,          ,          ,          ,          ,          ,          ,          ,         
 , 11/22/1998 24:00 AM       , 0.40     , 1.1      , 9.0      , 28.3     ,          ,          , 5.2      ,          ,          ,          ,          ,          ,          ,          ,          ,          ,         
 , 11/23/1998 24:00 AM       , 0.50     , 3.4      , 21.6     , 16.6     ,          ,          , 5.4      ,          ,          ,          ,          ,          ,          ,          ,          ,          ,         
 , 11/24/1998 24:00 AM       , 0.33     , 2.4      , 10.4     , 27.5     ,          ,          , 9.3      ,          ,          ,          ,          ,          ,          ,          ,          ,          ,         
 , 11/25/1998 24:00 AM       , 0.43     , 4.8      , 19.3     , 20.8     ,          ,          , 8.8      ,          ,          ,          ,          ,          ,          ,          ,          ,          ,         
 , 11/26/1998 24:00 AM       , 0.54     , 8.7      , 26.1     , 18.1     ,          ,          , 8.1      ,          ,          ,          ,          ,          ,          ,          ,          ,          ,         
 , 11/27/1998 24:00 AM       , 0.65     , 19.8     , 31.1     , 5.7      ,          ,          , 7.9      ,          ,          ,          ,          ,          ,          ,          ,          ,          ,         
 , 11/28/1998 24:00 AM       , 0.62     , 14.8     , 28.8     , 5.6      ,          ,          , 7.0      ,          ,          ,          ,          ,          ,          ,          ,          ,          ,         
 , 11/29/1998 24:00 AM       , 0.48     , 3.3      , 19.0     , 15.2     ,          ,          , 5.8      ,          ,          ,          ,          ,          ,          ,          ,          ,          ,         
 , 11/30/1998 24:00 AM       , 1.24     , 76.1     , 31.4     , 7.6      ,          ,          , 15.7     ,          ,          ,          ,          ,          ,          ,          ,          ,          ,         
 , 12/1/1998 24:00 AM        , 0.51     , 17.3     , 17.1     , 18.6     ,          ,          , 8.8      ,          ,          ,          ,          ,          ,          ,          ,          ,          ,         
 , 12/2/1998 24:00 AM        , 0.41     , 4.6      , 16.7     , 21.3     ,          ,          , 5.4      ,          ,          ,          ,          ,          ,          ,          ,          ,          ,         
 , 12/3/1998 24:00 AM        , 0.67     , 21.8     , 30.8     , 7.3      ,          ,          , 12.5     ,          ,          ,          ,          ,          ,          ,          ,          ,          ,         
 , 12/4/1998 24:00 AM        , 0.75     , 38.3     , 27.9     , 2.9      ,          ,          , 14.5     ,          ,          ,          ,          ,          ,          ,          ,          ,          ,         
 , 12/5/1998 24:00 AM        , 0.46     , 2.1      , 17.9     , 18.8     ,          ,          , 6.0      ,          ,          ,          ,          ,          ,          ,          ,          ,          ,         
 , 12/6/1998 24:00 AM        , 0.62     , 18.6     , 26.4     , 8.2      ,          ,          , 9.1      ,          ,          ,          ,          ,          ,          ,          ,          ,          ,         
 , 12/7/1998 24:00 AM        , 0.40     , 1.7      , 13.5     , 25.9     ,          ,          , 4.5      ,          ,          ,          ,          ,          ,          ,          ,          ,          ,         
 , 12/8/1998 24:00 AM        , 0.76     , 34.3     , 31.6     , 7.8      ,          ,          , 12.9     ,          ,          ,          ,          ,          ,          ,          ,          ,          ,         
 , 12/9/1998 24:00 AM        , 0.59     , 8.8      , 31.8     , 10.2     ,          ,          , 8.5      ,          ,          ,          ,          ,          ,          ,          ,          ,          ,         
 , 12/10/1998 24:00 AM       , 0.68     , 22.9     , 27.7     , 8.0      ,          ,          , 12.1     ,          ,          ,          ,          ,          ,          ,          ,          ,          ,         
 , 12/11/1998 24:00 AM       , 0.81     , 39.1     , 30.7     , 0.8      ,          ,          , 10.8     ,          ,          ,          ,          ,          ,          ,          ,          ,          ,         
 , 12/12/1998 24:00 AM       , 0.43     , 1.9      , 15.9     , 17.4     ,          ,          , 5.5      ,          ,          ,          ,          ,          ,          ,          ,          ,          ,         
 , 12/13/1998 24:00 AM       , 0.38     , 0.6      , 7.6      , 34.4     ,          ,          , 5.1      ,          ,          ,          ,          ,          ,          ,          ,          ,          ,         
 , 12/14/1998 24:00 AM       , 0.79     , 31.9     , 24.9     , 13.1     ,          ,          , 13.2     ,          ,          ,          ,          ,          ,          ,          ,          ,          ,         
 , 12/15/1998 24:00 AM       , 0.80     , 26.4     , 29.7     , 6.8      ,          ,          , 8.7      ,          ,          ,          ,          ,          ,          ,          ,          ,          ,         
 , 12/16/1998 24:00 AM       , 0.93     , 57.9     , 28.7     , 0.8      ,          ,          , 12.5     ,          ,          ,          ,          ,          ,          ,          ,          ,          ,         
 , 12/17/1998 24:00 AM       , 0.70     , 26.2     , 20.1     , 22.9     ,          ,          , 8.6      ,          ,          ,          ,          ,          ,          ,          ,          ,          ,         
 , 12/18/1998 24:00 AM       , 1.33     , 88.3     , 36.1     , 5.5      ,          ,          , 13.9     ,          ,          ,          ,          ,          ,          ,          ,          ,          ,         
 , 12/19/1998 24:00 AM       , 0.52     , 1.6      , 15.4     , 23.8     ,          ,          , 5.7      ,          ,          ,          ,          ,          ,          ,          ,          ,          ,         
 , 12/20/1998 24:00 AM       , 0.41     , 6.8      , 24.2     , 16.8     ,          ,          , 10.4     ,          ,          ,          ,          ,          ,          ,          ,          ,          ,         
 , 12/21/1998 24:00 AM       , 0.73     , 48.8     , 29.8     , 13.1     ,          ,          , 12.8     ,          ,          ,          ,          ,          ,          ,          ,          ,          ,         
 , 12/22/1998 24:00 AM       , 1.36     , 144.9    , 41.8     , 2.5      ,          ,          , 25.0     ,          ,          ,          ,          ,          ,          ,          ,          ,          ,         
 , 12/23/1998 24:00 AM       , 0.63     , 55.9     , 32.9     , 2.1      ,          ,          , 12.0     ,          ,          ,          ,          ,          ,          ,          ,          ,          ,         
 , 12/24/1998 24:00 AM       , 0.53     , 11.3     , 26.1     , 8.5      ,          ,          , 8.1      ,          ,          ,          ,          ,          ,          ,          ,          ,          ,         
 , 12/25/1998 24:00 AM       , 0.61     , 17.8     , 22.6     , 7.9      ,          ,          , 9.1      ,          ,          ,          ,          ,          ,          ,          ,          ,          ,         
 , 12/26/1998 24:00 AM       , 0.88     , 37.2     , 28.3     , 9.7      ,          ,          , 11.9     ,          ,          ,          ,          ,          ,          ,          ,          ,          ,         
 , 12/27/1998 24:00 AM       , 0.52     , 4.4      , 22.9     , 12.7     ,          ,          , 5.2      ,          ,          ,          ,          ,          ,          ,          ,          ,          ,         
 , 12/28/1998 24:00 AM       , 0.59     , 11.4     , 21.0     , 17.0     ,          ,          , 10.8     ,          ,          ,          ,          ,          ,          ,          ,          ,          ,         
 , 12/29/1998 24:00 AM       , 0.54     , 7.0      , 20.7     , 12.1     ,          ,          , 7.7      ,          ,          ,          ,          ,          ,          ,          ,          ,          ,         
 , 12/30/1998 24:00 AM       , 0.92     , 51.0     , 27.9     , 1.6      ,          ,          , 13.0     ,          ,          ,          ,          ,          ,          ,          ,          ,          ,         
 , 12/31/1998 24:00 AM       , 0.34     , 6.0      , 14.3     , 22.9     ,          ,          , 10.6     ,          ,          ,          ,          ,          ,          ,          ,          ,          ,         
 , 1/1/1999 24:00 AM         , 0.85     , 46.0     , 24.9     , 8.4      ,          ,          , 17.0     ,          ,          ,          ,          ,          ,          ,          ,          ,          ,         
 , 1/2/1999 24:00 AM         , 1.41     , 103.4    , 28.1     , 5.2      ,          ,          , 17.7     ,          ,          ,          ,          ,          ,          ,          ,          ,          ,         
 , 1/3/1999 24:00 AM         , 1.59     , 131.1    , 30.8     , 3.3      ,          ,          , 18.3     ,          ,          ,          ,          ,          ,          ,          ,          ,          ,         
 , 1/4/1999 24:00 AM         , 1.63     , 153.7    , 34.4     , 1.3      ,          ,          , 30.0     ,          ,          ,          ,          ,          ,          ,          ,          ,          ,         
 , 1/5/1999 24:00 AM         , 2.10     , 200.7    , 38.0     , 2.2      ,          ,          , 30.6     ,          ,          ,          ,          ,          ,          ,          ,          ,          ,         
 , 1/6/1999 24:00 AM         , 1.48     , 113.4    , 31.6     , 1.2      ,          ,          , 22.0     ,          ,          ,          ,          ,          ,          ,          ,          ,          ,         
 , 1/7/1999 24:00 AM         , 0.66     , 22.7     , 21.4     , 4.3      ,          ,          , 11.0     ,          ,          ,          ,          ,          ,          ,          ,          ,          ,         
 , 1/8/1999 24:00 AM         , 0.87     , 47.6     , 29.6     , 2.4      ,          ,          , 13.7     ,          ,          ,          ,          ,          ,          ,          ,          ,          ,         
 , 1/9/1999 24:00 AM         , 0.68     , 16.9     , 29.9     , 2.6      ,          ,          , 8.7      ,          ,          ,          ,          ,          ,          ,          ,          ,          ,         
 , 1/10/1999 24:00 AM        , 0.70     , 20.2     , 24.6     , 2.5      ,          ,          , 7.8      ,          ,          ,          ,          ,          ,          ,          ,          ,          ,         
 , 1/11/1999 24:00 AM        , 0.80     , 33.9     , 32.1     , 2.5      ,          ,          , 12.6     ,          ,          ,          ,          ,          ,          ,          ,          ,          ,         
 , 1/12/1999 24:00 AM        , 0.63     , 22.6     , 20.2     , 14.8     ,          ,          , 10.2     ,          ,          ,          ,          ,          ,          ,          ,          ,          ,         
 , 1/13/1999 24:00 AM        , 0.85     , 44.8     , 28.8     , 4.3      ,          ,          , 12.8     ,          ,          ,          ,          ,          ,          ,          ,          ,          ,         
 , 1/14/1999 24:00 AM        , 0.51     , 12.3     , 16.0     , 21.1     ,          ,          , 10.2     ,          ,          ,          ,          ,          ,          ,          ,          ,          ,         
 , 1/15/1999 24:00 AM        , 0.60     , 20.1     , 29.3     , 9.8      ,          ,          , 12.9     ,          ,          ,          ,          ,          ,          ,          ,          ,          ,         
 , 1/16/1999 24:00 AM        , 0.53     , 7.7      , 22.5     , 16.3     ,          ,          , 7.6      ,          ,          ,          ,          ,          ,          ,          ,          ,          ,         
 , 1/17/1999 24:00 AM        , 0.46     , 1.7      , 20.8     , 15.1     ,          ,          , 4.7      ,          ,          ,          ,          ,          ,          ,          ,          ,          ,         
 , 1/18/1999 24:00 AM        , 0.42     , 1.6      , 13.0     , 25.5     ,          ,          , 7.0      ,          ,          ,          ,          ,          ,          ,          ,          ,          ,         
 , 1/19/1999 24:00 AM        , 0.70     , 16.1     , 30.4     , 9.6      ,          ,          , 8.6      ,          ,          ,          ,          ,          ,          ,          ,          ,          ,         
 , 1/20/1999 24:00 AM        , 0.61     , 13.3     , 29.7     , 7.5      ,          ,          , 7.8      ,          ,          ,          ,          ,          ,          ,          ,          ,          ,         
 , 1/21/1999 24:00 AM        , 0.53     , 11.3     , 20.4     , 14.1     ,          ,          , 7.5      ,          ,          ,          ,          ,          ,          ,          ,          ,          ,         
 , 1/22/1999 24:00 AM        , 0.82     , 23.9     , 30.4     , 7.5      ,          ,          , 8.2      ,          ,          ,          ,          ,          ,          ,          ,          ,          ,         
 , 1/23/1999 24:00 AM        , 0.58     , 21.9     , 19.4     , 13.2     ,          ,          , 10.8     ,          ,          ,          ,          ,          ,          ,          ,          ,          ,         
 , 1/24/1999 24:00 AM        , 0.63     , 23.7     , 27.3     , 5.2      ,          ,          , 13.9     ,          ,          ,          ,          ,          ,          ,          ,          ,          ,         
 , 1/25/1999 24:00 AM        , 0.68     , 21.1     , 26.4     , 4.8      ,          ,          , 10.0     ,          ,          ,          ,          ,          ,          ,          ,          ,          ,         
 , 1/26/1999 24:00 AM        , 0.80     , 47.6     , 21.5     , 9.7      ,          ,          , 12.2     ,          ,          ,          ,          ,          ,          ,          ,          ,          ,         
 , 1/27/1999 24:00 AM        , 0.42     , 5.3      , 14.9     , 19.7     ,          ,          , 8.8      ,          ,          ,          ,          ,          ,          ,          ,          ,          ,         
 , 1/28/1999 24:00 AM        , 0.43     , 3.0      , 16.9     , 23.0     ,          ,          , 5.8      ,          ,          ,          ,          ,          ,          ,          ,          ,          ,         
 , 1/29/1999 24:00 AM        , 0.41     , 2.5      , 13.2     , 31.2     ,          ,          , 5.8      ,          ,          ,          ,          ,          ,          ,          ,          ,          ,         
 , 1/30/1999 24:00 AM        , 0.55     , 11.0     , 30.3     , 10.1     ,          ,          , 7.8      ,          ,          ,          ,          ,          ,          ,          ,          ,          ,         
 , 1/31/1999 24:00 AM        , 0.32     , 1.1      , 10.4     , 29.0     ,          ,          , 4.8      ,          ,          ,          ,          ,          ,          ,          ,          ,          ,         
 , 2/1/1999 24:00 AM         , 0.43     , 1.7      , 11.5     , 28.9     ,          ,          , 9.1      ,          ,          ,          ,          ,          ,          ,          ,          ,          ,         
 , 2/2/1999 24:00 AM         , 0.30     , 5.2      , 7.9      , 32.1     ,          ,          , 7.6      ,          ,          ,          ,          ,          ,          ,          ,          ,          ,         
 , 2/3/1999 24:00 AM         , 0.58     ,          ,          , 13.0     ,          ,          , 9.0      ,          ,          ,          ,          ,          ,          ,          ,          ,          ,         
 , 2/4/1999 24:00 AM         , 0.67     , 12.7     , 22.7     , 17.1     ,          ,          , 8.0      ,          ,          ,          ,          ,          ,          ,          ,          ,          ,         
 , Minimum                   , 0.26     , 0.6      , 5.6      , 0.3      ,          ,          , 4.5      ,          ,          ,          ,          ,          ,          ,          ,          ,          ,         
 , MinDate                   , 6/25     , 12/13    , 6/11     , 11/2     , 2/5      , 2/5      , 12/7     , 2/5      , 2/5      , 2/5      , 2/5      , 2/5      , 2/5      , 2/5      , 2/5      , 2/5      , 2/5     
 , MinTime                   , 24:00    , 24:00    , 24:00    , 24:00    , 24:00    , 24:00    , 24:00    , 24:00    , 24:00    , 24:00    , 24:00    , 24:00    , 24:00    , 24:00    , 24:00    , 24:00    , 24:00   
 , Maximum                   , 2.10     , 200.7    , 41.8     , 40.4     ,          ,          , 52.7     ,          ,          ,          ,          ,          ,          ,          ,          ,          ,         
 , MaxDate                   , 1/5      , 1/5      , 12/22    , 3/26     , 2/5      , 2/5      , 5/1      , 2/5      , 2/5      , 2/5      , 2/5      , 2/5      , 2/5      , 2/5      , 2/5      , 2/5      , 2/5     
 , MaxTime                   , 24:00    , 24:00    , 24:00    , 24:00    , 24:00    , 24:00    , 24:00    , 24:00    , 24:00    , 24:00    , 24:00    , 24:00    , 24:00    , 24:00    , 24:00    , 24:00    , 24:00   
 , Avg                       , 0.60     , 20.9     , 20.1     , 15.2     ,          ,          , 13.9     ,          ,          ,          ,          ,          ,          ,          ,          ,          ,         
 , Num                       , 356      , 352      , 356      , 349      , 0        , 0        , 361      , 0        , 0        , 0        , 0        , 0        , 0        , 0        , 0        , 0        , 0       
 , Data[%]                   , 98       , 96       , 98       , 96       , 0        , 0        , 99       , 0        , 0        , 0        , 0        , 0        , 0        , 0        , 0        , 0        , 0       
 , STD                       , 0.3      , 28.3     , 7.0      , 7.9      ,          ,          , 6.7      ,          ,          ,          ,          ,          ,          ,          ,          ,          ,         
